EmpID,EmpID,EmpID,EmpID,EmpID,EmpID,EmpID,EmpID,EmpID,EmpID
333334,333334,333334,333334,333334,333334,333334,333334,333334,333334
221133,221133,221133,221133,221133,221133,221133,221133,221133,221133
787898,787898,787898,787898,787898,787898,787898,787898,787898,787898
232323,232323,232323,232323,232323,232323,232323,232323,232323,232323
5544544,5544544,5544544,5544544,5544544,5544544,5544544,5544544,5544544,5544544
11214,11214,11214,11214,11214,11214,11214,11214,11214,11214
123457,123457,123457,123457,123457,123457,123457,123457,123457,123457
897766,897766,897766,897766,897766,897766,897766,897766,897766,897766
342332,342332,342332,342332,342332,342332,342332,342332,342332,342332
123459,123459,123459,123459,123459,123459,123459,123459,123459,123459
123458,123458,123458,123458,123458,123458,123458,123458,123458,123458
123123,123123,123123,123123,123123,123123,123123,123123,123123,123123
22101144,22101144,22101144,22101144,22101144,22101144,22101144,22101144,22101144,22101144
117249,117249,117249,117249,117249,117249,117249,117249,117249,117249
23242,23242,23242,23242,23242,23242,23242,23242,23242,23242
10001,10001,10001,10001,10001,10001,10001,10001,10001,10001
10002,10002,10002,10002,10002,10002,10002,10002,10002,10002
10003,10003,10003,10003,10003,10003,10003,10003,10003,10003
10004,10004,10004,10004,10004,10004,10004,10004,10004,10004
10005,10005,10005,10005,10005,10005,10005,10005,10005,10005
10006,10006,10006,10006,10006,10006,10006,10006,10006,10006
10007,10007,10007,10007,10007,10007,10007,10007,10007,10007
10008,10008,10008,10008,10008,10008,10008,10008,10008,10008
10010,10010,10010,10010,10010,10010,10010,10010,10010,10010
10011,10011,10011,10011,10011,10011,10011,10011,10011,10011
10012,10012,10012,10012,10012,10012,10012,10012,10012,10012
10013,10013,10013,10013,10013,10013,10013,10013,10013,10013
10014,10014,10014,10014,10014,10014,10014,10014,10014,10014
10015,10015,10015,10015,10015,10015,10015,10015,10015,10015
10016,10016,10016,10016,10016,10016,10016,10016,10016,10016
20001,20001,20001,20001,20001,20001,20001,20001,20001,20001
20002,20002,20002,20002,20002,20002,20002,20002,20002,20002
20003,20003,20003,20003,20003,20003,20003,20003,20003,20003
30004,30004,30004,30004,30004,30004,30004,30004,30004,30004
30005,30005,30005,30005,30005,30005,30005,30005,30005,30005
30006,30006,30006,30006,30006,30006,30006,30006,30006,30006
30007,30007,30007,30007,30007,30007,30007,30007,30007,30007
30008,30008,30008,30008,30008,30008,30008,30008,30008,30008
30009,30009,30009,30009,30009,30009,30009,30009,30009,30009
30010,30010,30010,30010,30010,30010,30010,30010,30010,30010
30011,30011,30011,30011,30011,30011,30011,30011,30011,30011
30012,30012,30012,30012,30012,30012,30012,30012,30012,30012
30013,30013,30013,30013,30013,30013,30013,30013,30013,30013
30014,30014,30014,30014,30014,30014,30014,30014,30014,30014
30015,30015,30015,30015,30015,30015,30015,30015,30015,30015
